external_id,establishment_external_id,title,description,category,original_price_cents,sale_price_cents,stock_total,stock_remaining,publish_day_offset,pickup_day_offset,pickup_start_time,pickup_end_time,dietary_tags,allergens,image_url,status,is_featured,estimated_weight_grams,impact_co2_grams
PACK-0001,EST-001,Pack de pan artesano,Una selección sorpresa preparada con excedentes del día. El contenido puede variar según disponibilidad.,bakery,900,315,4,2,-1,1,19:00,21:00,,gluten|milk|egg,https://images.unsplash.com/photo-1509440159596-0249088772ff?auto=format&fit=crop&w=1000&q=80,available,true,500,900
PACK-0002,EST-001,Platos listos para disfrutar,Una selección sorpresa preparada con excedentes del día. El contenido puede variar según disponibilidad.,prepared_food,1025,410,5,3,0,2,18:30,20:00,,gluten|soy,https://images.unsplash.com/photo-1542838132-92c53300491e?auto=format&fit=crop&w=1000&q=80,available,false,625,1080
PACK-0003,EST-001,Caja verde de aprovechamiento,Una selección sorpresa preparada con excedentes del día. El contenido puede variar según disponibilidad.,produce,1150,518,6,4,1,3,19:00,21:00,vegan|vegetarian|gluten_free,,https://images.unsplash.com/photo-1547592180-85f173990554?auto=format&fit=crop&w=1000&q=80,available,false,750,1260
PACK-0004,EST-001,Desayuno completo,Una selección sorpresa preparada con excedentes del día. El contenido puede variar según disponibilidad.,breakfast,1275,638,7,0,2,4,18:30,20:00,,gluten|milk,https://images.unsplash.com/photo-1495474472287-4d71bcdd2085?auto=format&fit=crop&w=1000&q=80,sold_out,false,875,1440
PACK-0005,EST-001,Sabores veganos del día,Una selección sorpresa preparada con excedentes del día. El contenido puede variar según disponibilidad.,vegan,1400,490,8,6,3,5,19:00,21:00,vegan|vegetarian,nuts|soy,https://images.unsplash.com/photo-1540420773420-3366772f4999?auto=format&fit=crop&w=1000&q=80,cancelled,false,1000,1620
PACK-0006,EST-002,Lote ahorro del día,Una selección sorpresa preparada con excedentes del día. El contenido puede variar según disponibilidad.,mixed,1525,610,9,7,4,6,19:00,21:00,,gluten|milk|nuts,https://images.unsplash.com/photo-1565299624946-b28f40a0ae38?auto=format&fit=crop&w=1000&q=80,available,false,1125,1800
PACK-0007,EST-002,Pack de pan artesano,Una selección sorpresa preparada con excedentes del día. El contenido puede variar según disponibilidad.,bakery,1650,742,10,8,5,7,18:30,20:00,,gluten|milk|egg,https://images.unsplash.com/photo-1509440159596-0249088772ff?auto=format&fit=crop&w=1000&q=80,available,false,1250,1980
PACK-0008,EST-002,Platos listos para disfrutar,Una selección sorpresa preparada con excedentes del día. El contenido puede variar según disponibilidad.,prepared_food,1775,888,4,2,6,8,19:00,21:00,,gluten|soy,https://images.unsplash.com/photo-1542838132-92c53300491e?auto=format&fit=crop&w=1000&q=80,available,true,1375,2160
PACK-0009,EST-002,Caja verde de aprovechamiento,Una selección sorpresa preparada con excedentes del día. El contenido puede variar según disponibilidad.,produce,1900,665,5,0,7,9,18:30,20:00,vegan|vegetarian|gluten_free,,https://images.unsplash.com/photo-1547592180-85f173990554?auto=format&fit=crop&w=1000&q=80,sold_out,false,500,2340
PACK-0010,EST-002,Desayuno completo,Una selección sorpresa preparada con excedentes del día. El contenido puede variar según disponibilidad.,breakfast,900,360,6,4,8,10,19:00,21:00,,gluten|milk,https://images.unsplash.com/photo-1495474472287-4d71bcdd2085?auto=format&fit=crop&w=1000&q=80,cancelled,false,625,2520
PACK-0011,EST-003,Sabores veganos del día,Una selección sorpresa preparada con excedentes del día. El contenido puede variar según disponibilidad.,vegan,1025,461,7,5,9,11,19:00,21:00,vegan|vegetarian,nuts|soy,https://images.unsplash.com/photo-1540420773420-3366772f4999?auto=format&fit=crop&w=1000&q=80,available,false,750,900
PACK-0012,EST-003,Lote ahorro del día,Una selección sorpresa preparada con excedentes del día. El contenido puede variar según disponibilidad.,mixed,1150,575,8,6,10,12,18:30,20:00,,gluten|milk|nuts,https://images.unsplash.com/photo-1565299624946-b28f40a0ae38?auto=format&fit=crop&w=1000&q=80,available,false,875,1080
PACK-0013,EST-003,Pack de pan artesano,Una selección sorpresa preparada con excedentes del día. El contenido puede variar según disponibilidad.,bakery,1275,446,9,7,11,13,19:00,21:00,,gluten|milk|egg,https://images.unsplash.com/photo-1509440159596-0249088772ff?auto=format&fit=crop&w=1000&q=80,available,false,1000,1260
PACK-0014,EST-003,Platos listos para disfrutar,Una selección sorpresa preparada con excedentes del día. El contenido puede variar según disponibilidad.,prepared_food,1400,560,10,0,12,14,18:30,20:00,,gluten|soy,https://images.unsplash.com/photo-1542838132-92c53300491e?auto=format&fit=crop&w=1000&q=80,sold_out,false,1125,1440
PACK-0015,EST-003,Caja verde de aprovechamiento,Una selección sorpresa preparada con excedentes del día. El contenido puede variar según disponibilidad.,produce,1525,686,4,2,-1,1,19:00,21:00,vegan|vegetarian|gluten_free,,https://images.unsplash.com/photo-1547592180-85f173990554?auto=format&fit=crop&w=1000&q=80,cancelled,false,1250,1620
PACK-0016,EST-004,Desayuno completo,Una selección sorpresa preparada con excedentes del día. El contenido puede variar según disponibilidad.,breakfast,1650,825,5,3,0,2,19:00,21:00,,gluten|milk,https://images.unsplash.com/photo-1495474472287-4d71bcdd2085?auto=format&fit=crop&w=1000&q=80,available,false,1375,1800
PACK-0017,EST-004,Sabores veganos del día,Una selección sorpresa preparada con excedentes del día. El contenido puede variar según disponibilidad.,vegan,1775,621,6,4,1,3,18:30,20:00,vegan|vegetarian,nuts|soy,https://images.unsplash.com/photo-1540420773420-3366772f4999?auto=format&fit=crop&w=1000&q=80,available,false,500,1980
PACK-0018,EST-004,Lote ahorro del día,Una selección sorpresa preparada con excedentes del día. El contenido puede variar según disponibilidad.,mixed,1900,760,7,5,2,4,19:00,21:00,,gluten|milk|nuts,https://images.unsplash.com/photo-1565299624946-b28f40a0ae38?auto=format&fit=crop&w=1000&q=80,available,false,625,2160
PACK-0019,EST-004,Pack de pan artesano,Una selección sorpresa preparada con excedentes del día. El contenido puede variar según disponibilidad.,bakery,900,405,8,0,3,5,18:30,20:00,,gluten|milk|egg,https://images.unsplash.com/photo-1509440159596-0249088772ff?auto=format&fit=crop&w=1000&q=80,sold_out,false,750,2340
PACK-0020,EST-004,Platos listos para disfrutar,Una selección sorpresa preparada con excedentes del día. El contenido puede variar según disponibilidad.,prepared_food,1025,513,9,7,4,6,19:00,21:00,,gluten|soy,https://images.unsplash.com/photo-1542838132-92c53300491e?auto=format&fit=crop&w=1000&q=80,cancelled,false,875,2520
PACK-0021,EST-005,Caja verde de aprovechamiento,Una selección sorpresa preparada con excedentes del día. El contenido puede variar según disponibilidad.,produce,1150,403,10,8,5,7,19:00,21:00,vegan|vegetarian|gluten_free,,https://images.unsplash.com/photo-1547592180-85f173990554?auto=format&fit=crop&w=1000&q=80,available,false,1000,900
PACK-0022,EST-005,Desayuno completo,Una selección sorpresa preparada con excedentes del día. El contenido puede variar según disponibilidad.,breakfast,1275,510,4,2,6,8,18:30,20:00,,gluten|milk,https://images.unsplash.com/photo-1495474472287-4d71bcdd2085?auto=format&fit=crop&w=1000&q=80,available,true,1125,1080
PACK-0023,EST-005,Sabores veganos del día,Una selección sorpresa preparada con excedentes del día. El contenido puede variar según disponibilidad.,vegan,1400,630,5,3,7,9,19:00,21:00,vegan|vegetarian,nuts|soy,https://images.unsplash.com/photo-1540420773420-3366772f4999?auto=format&fit=crop&w=1000&q=80,available,false,1250,1260
PACK-0024,EST-005,Lote ahorro del día,Una selección sorpresa preparada con excedentes del día. El contenido puede variar según disponibilidad.,mixed,1525,763,6,0,8,10,18:30,20:00,,gluten|milk|nuts,https://images.unsplash.com/photo-1565299624946-b28f40a0ae38?auto=format&fit=crop&w=1000&q=80,sold_out,false,1375,1440
PACK-0025,EST-005,Pack de pan artesano,Una selección sorpresa preparada con excedentes del día. El contenido puede variar según disponibilidad.,bakery,1650,578,7,5,9,11,19:00,21:00,,gluten|milk|egg,https://images.unsplash.com/photo-1509440159596-0249088772ff?auto=format&fit=crop&w=1000&q=80,cancelled,false,500,1620
PACK-0026,EST-006,Platos listos para disfrutar,Una selección sorpresa preparada con excedentes del día. El contenido puede variar según disponibilidad.,prepared_food,1775,710,8,6,10,12,19:00,21:00,,gluten|soy,https://images.unsplash.com/photo-1542838132-92c53300491e?auto=format&fit=crop&w=1000&q=80,available,false,625,1800
PACK-0027,EST-006,Caja verde de aprovechamiento,Una selección sorpresa preparada con excedentes del día. El contenido puede variar según disponibilidad.,produce,1900,855,9,7,11,13,18:30,20:00,vegan|vegetarian|gluten_free,,https://images.unsplash.com/photo-1547592180-85f173990554?auto=format&fit=crop&w=1000&q=80,available,false,750,1980
PACK-0028,EST-006,Desayuno completo,Una selección sorpresa preparada con excedentes del día. El contenido puede variar según disponibilidad.,breakfast,900,450,10,8,12,14,19:00,21:00,,gluten|milk,https://images.unsplash.com/photo-1495474472287-4d71bcdd2085?auto=format&fit=crop&w=1000&q=80,available,false,875,2160
PACK-0029,EST-006,Sabores veganos del día,Una selección sorpresa preparada con excedentes del día. El contenido puede variar según disponibilidad.,vegan,1025,359,4,0,-1,1,18:30,20:00,vegan|vegetarian,nuts|soy,https://images.unsplash.com/photo-1540420773420-3366772f4999?auto=format&fit=crop&w=1000&q=80,sold_out,false,1000,2340
PACK-0030,EST-006,Lote ahorro del día,Una selección sorpresa preparada con excedentes del día. El contenido puede variar según disponibilidad.,mixed,1150,460,5,3,0,2,19:00,21:00,,gluten|milk|nuts,https://images.unsplash.com/photo-1565299624946-b28f40a0ae38?auto=format&fit=crop&w=1000&q=80,cancelled,false,1125,2520
PACK-0031,EST-007,Pack de pan artesano,Una selección sorpresa preparada con excedentes del día. El contenido puede variar según disponibilidad.,bakery,1275,574,6,4,1,3,19:00,21:00,,gluten|milk|egg,https://images.unsplash.com/photo-1509440159596-0249088772ff?auto=format&fit=crop&w=1000&q=80,available,false,1250,900
PACK-0032,EST-007,Platos listos para disfrutar,Una selección sorpresa preparada con excedentes del día. El contenido puede variar según disponibilidad.,prepared_food,1400,700,7,5,2,4,18:30,20:00,,gluten|soy,https://images.unsplash.com/photo-1542838132-92c53300491e?auto=format&fit=crop&w=1000&q=80,available,false,1375,1080
PACK-0033,EST-007,Caja verde de aprovechamiento,Una selección sorpresa preparada con excedentes del día. El contenido puede variar según disponibilidad.,produce,1525,534,8,6,3,5,19:00,21:00,vegan|vegetarian|gluten_free,,https://images.unsplash.com/photo-1547592180-85f173990554?auto=format&fit=crop&w=1000&q=80,available,false,500,1260
PACK-0034,EST-007,Desayuno completo,Una selección sorpresa preparada con excedentes del día. El contenido puede variar según disponibilidad.,breakfast,1650,660,9,0,4,6,18:30,20:00,,gluten|milk,https://images.unsplash.com/photo-1495474472287-4d71bcdd2085?auto=format&fit=crop&w=1000&q=80,sold_out,false,625,1440
PACK-0035,EST-007,Sabores veganos del día,Una selección sorpresa preparada con excedentes del día. El contenido puede variar según disponibilidad.,vegan,1775,799,10,8,5,7,19:00,21:00,vegan|vegetarian,nuts|soy,https://images.unsplash.com/photo-1540420773420-3366772f4999?auto=format&fit=crop&w=1000&q=80,cancelled,false,750,1620
PACK-0036,EST-008,Lote ahorro del día,Una selección sorpresa preparada con excedentes del día. El contenido puede variar según disponibilidad.,mixed,1900,950,4,2,6,8,19:00,21:00,,gluten|milk|nuts,https://images.unsplash.com/photo-1565299624946-b28f40a0ae38?auto=format&fit=crop&w=1000&q=80,available,true,875,1800
PACK-0037,EST-008,Pack de pan artesano,Una selección sorpresa preparada con excedentes del día. El contenido puede variar según disponibilidad.,bakery,900,315,5,3,7,9,18:30,20:00,,gluten|milk|egg,https://images.unsplash.com/photo-1509440159596-0249088772ff?auto=format&fit=crop&w=1000&q=80,available,false,1000,1980
PACK-0038,EST-008,Platos listos para disfrutar,Una selección sorpresa preparada con excedentes del día. El contenido puede variar según disponibilidad.,prepared_food,1025,410,6,4,8,10,19:00,21:00,,gluten|soy,https://images.unsplash.com/photo-1542838132-92c53300491e?auto=format&fit=crop&w=1000&q=80,available,false,1125,2160
PACK-0039,EST-008,Caja verde de aprovechamiento,Una selección sorpresa preparada con excedentes del día. El contenido puede variar según disponibilidad.,produce,1150,518,7,0,9,11,18:30,20:00,vegan|vegetarian|gluten_free,,https://images.unsplash.com/photo-1547592180-85f173990554?auto=format&fit=crop&w=1000&q=80,sold_out,false,1250,2340
PACK-0040,EST-008,Desayuno completo,Una selección sorpresa preparada con excedentes del día. El contenido puede variar según disponibilidad.,breakfast,1275,638,8,6,10,12,19:00,21:00,,gluten|milk,https://images.unsplash.com/photo-1495474472287-4d71bcdd2085?auto=format&fit=crop&w=1000&q=80,cancelled,false,1375,2520
PACK-0041,EST-009,Sabores veganos del día,Una selección sorpresa preparada con excedentes del día. El contenido puede variar según disponibilidad.,vegan,1400,490,9,8,11,13,19:00,21:00,vegan|vegetarian,nuts|soy,https://images.unsplash.com/photo-1540420773420-3366772f4999?auto=format&fit=crop&w=1000&q=80,available,false,500,900
PACK-0042,EST-009,Lote ahorro del día,Una selección sorpresa preparada con excedentes del día. El contenido puede variar según disponibilidad.,mixed,1525,610,10,9,12,14,18:30,20:00,,gluten|milk|nuts,https://images.unsplash.com/photo-1565299624946-b28f40a0ae38?auto=format&fit=crop&w=1000&q=80,available,false,625,1080
PACK-0043,EST-009,Pack de pan artesano,Una selección sorpresa preparada con excedentes del día. El contenido puede variar según disponibilidad.,bakery,1650,742,4,3,-1,1,19:00,21:00,,gluten|milk|egg,https://images.unsplash.com/photo-1509440159596-0249088772ff?auto=format&fit=crop&w=1000&q=80,available,true,750,1260
PACK-0044,EST-009,Platos listos para disfrutar,Una selección sorpresa preparada con excedentes del día. El contenido puede variar según disponibilidad.,prepared_food,1775,888,5,0,0,2,18:30,20:00,,gluten|soy,https://images.unsplash.com/photo-1542838132-92c53300491e?auto=format&fit=crop&w=1000&q=80,sold_out,false,875,1440
PACK-0045,EST-009,Caja verde de aprovechamiento,Una selección sorpresa preparada con excedentes del día. El contenido puede variar según disponibilidad.,produce,1900,665,6,5,1,3,19:00,21:00,vegan|vegetarian|gluten_free,,https://images.unsplash.com/photo-1547592180-85f173990554?auto=format&fit=crop&w=1000&q=80,cancelled,false,1000,1620
PACK-0046,EST-010,Desayuno completo,Una selección sorpresa preparada con excedentes del día. El contenido puede variar según disponibilidad.,breakfast,900,360,7,6,2,4,19:00,21:00,,gluten|milk,https://images.unsplash.com/photo-1495474472287-4d71bcdd2085?auto=format&fit=crop&w=1000&q=80,available,false,1125,1800
PACK-0047,EST-010,Sabores veganos del día,Una selección sorpresa preparada con excedentes del día. El contenido puede variar según disponibilidad.,vegan,1025,461,8,7,3,5,18:30,20:00,vegan|vegetarian,nuts|soy,https://images.unsplash.com/photo-1540420773420-3366772f4999?auto=format&fit=crop&w=1000&q=80,available,false,1250,1980
PACK-0048,EST-010,Lote ahorro del día,Una selección sorpresa preparada con excedentes del día. El contenido puede variar según disponibilidad.,mixed,1150,575,9,8,4,6,19:00,21:00,,gluten|milk|nuts,https://images.unsplash.com/photo-1565299624946-b28f40a0ae38?auto=format&fit=crop&w=1000&q=80,available,false,1375,2160
PACK-0049,EST-010,Pack de pan artesano,Una selección sorpresa preparada con excedentes del día. El contenido puede variar según disponibilidad.,bakery,1275,446,10,0,5,7,18:30,20:00,,gluten|milk|egg,https://images.unsplash.com/photo-1509440159596-0249088772ff?auto=format&fit=crop&w=1000&q=80,sold_out,false,500,2340
PACK-0050,EST-010,Platos listos para disfrutar,Una selección sorpresa preparada con excedentes del día. El contenido puede variar según disponibilidad.,prepared_food,1400,560,4,3,6,8,19:00,21:00,,gluten|soy,https://images.unsplash.com/photo-1542838132-92c53300491e?auto=format&fit=crop&w=1000&q=80,cancelled,false,625,2520
PACK-0051,EST-011,Caja verde de aprovechamiento,Una selección sorpresa preparada con excedentes del día. El contenido puede variar según disponibilidad.,produce,1525,686,5,4,7,9,19:00,21:00,vegan|vegetarian|gluten_free,,https://images.unsplash.com/photo-1547592180-85f173990554?auto=format&fit=crop&w=1000&q=80,available,false,750,900
PACK-0052,EST-011,Desayuno completo,Una selección sorpresa preparada con excedentes del día. El contenido puede variar según disponibilidad.,breakfast,1650,825,6,5,8,10,18:30,20:00,,gluten|milk,https://images.unsplash.com/photo-1495474472287-4d71bcdd2085?auto=format&fit=crop&w=1000&q=80,available,false,875,1080
PACK-0053,EST-011,Sabores veganos del día,Una selección sorpresa preparada con excedentes del día. El contenido puede variar según disponibilidad.,vegan,1775,621,7,6,9,11,19:00,21:00,vegan|vegetarian,nuts|soy,https://images.unsplash.com/photo-1540420773420-3366772f4999?auto=format&fit=crop&w=1000&q=80,available,false,1000,1260
PACK-0054,EST-011,Lote ahorro del día,Una selección sorpresa preparada con excedentes del día. El contenido puede variar según disponibilidad.,mixed,1900,760,8,0,10,12,18:30,20:00,,gluten|milk|nuts,https://images.unsplash.com/photo-1565299624946-b28f40a0ae38?auto=format&fit=crop&w=1000&q=80,sold_out,false,1125,1440
PACK-0055,EST-011,Pack de pan artesano,Una selección sorpresa preparada con excedentes del día. El contenido puede variar según disponibilidad.,bakery,900,405,9,8,11,13,19:00,21:00,,gluten|milk|egg,https://images.unsplash.com/photo-1509440159596-0249088772ff?auto=format&fit=crop&w=1000&q=80,cancelled,false,1250,1620
PACK-0056,EST-012,Platos listos para disfrutar,Una selección sorpresa preparada con excedentes del día. El contenido puede variar según disponibilidad.,prepared_food,1025,513,10,9,12,14,19:00,21:00,,gluten|soy,https://images.unsplash.com/photo-1542838132-92c53300491e?auto=format&fit=crop&w=1000&q=80,available,false,1375,1800
PACK-0057,EST-012,Caja verde de aprovechamiento,Una selección sorpresa preparada con excedentes del día. El contenido puede variar según disponibilidad.,produce,1150,403,4,3,-1,1,18:30,20:00,vegan|vegetarian|gluten_free,,https://images.unsplash.com/photo-1547592180-85f173990554?auto=format&fit=crop&w=1000&q=80,available,true,500,1980
PACK-0058,EST-012,Desayuno completo,Una selección sorpresa preparada con excedentes del día. El contenido puede variar según disponibilidad.,breakfast,1275,510,5,4,0,2,19:00,21:00,,gluten|milk,https://images.unsplash.com/photo-1495474472287-4d71bcdd2085?auto=format&fit=crop&w=1000&q=80,available,false,625,2160
PACK-0059,EST-012,Sabores veganos del día,Una selección sorpresa preparada con excedentes del día. El contenido puede variar según disponibilidad.,vegan,1400,630,6,0,1,3,18:30,20:00,vegan|vegetarian,nuts|soy,https://images.unsplash.com/photo-1540420773420-3366772f4999?auto=format&fit=crop&w=1000&q=80,sold_out,false,750,2340
PACK-0060,EST-012,Lote ahorro del día,Una selección sorpresa preparada con excedentes del día. El contenido puede variar según disponibilidad.,mixed,1525,763,7,6,2,4,19:00,21:00,,gluten|milk|nuts,https://images.unsplash.com/photo-1565299624946-b28f40a0ae38?auto=format&fit=crop&w=1000&q=80,cancelled,false,875,2520
PACK-0061,EST-013,Pack de pan artesano,Una selección sorpresa preparada con excedentes del día. El contenido puede variar según disponibilidad.,bakery,1650,578,8,7,3,5,19:00,21:00,,gluten|milk|egg,https://images.unsplash.com/photo-1509440159596-0249088772ff?auto=format&fit=crop&w=1000&q=80,available,false,1000,900
PACK-0062,EST-013,Platos listos para disfrutar,Una selección sorpresa preparada con excedentes del día. El contenido puede variar según disponibilidad.,prepared_food,1775,710,9,8,4,6,18:30,20:00,,gluten|soy,https://images.unsplash.com/photo-1542838132-92c53300491e?auto=format&fit=crop&w=1000&q=80,available,false,1125,1080
PACK-0063,EST-013,Caja verde de aprovechamiento,Una selección sorpresa preparada con excedentes del día. El contenido puede variar según disponibilidad.,produce,1900,855,10,9,5,7,19:00,21:00,vegan|vegetarian|gluten_free,,https://images.unsplash.com/photo-1547592180-85f173990554?auto=format&fit=crop&w=1000&q=80,available,false,1250,1260
PACK-0064,EST-013,Desayuno completo,Una selección sorpresa preparada con excedentes del día. El contenido puede variar según disponibilidad.,breakfast,900,450,4,0,6,8,18:30,20:00,,gluten|milk,https://images.unsplash.com/photo-1495474472287-4d71bcdd2085?auto=format&fit=crop&w=1000&q=80,sold_out,false,1375,1440
PACK-0065,EST-013,Sabores veganos del día,Una selección sorpresa preparada con excedentes del día. El contenido puede variar según disponibilidad.,vegan,1025,359,5,4,-28,-26,19:00,21:00,vegan|vegetarian,nuts|soy,https://images.unsplash.com/photo-1540420773420-3366772f4999?auto=format&fit=crop&w=1000&q=80,expired,false,500,1620
PACK-0066,EST-014,Lote ahorro del día,Una selección sorpresa preparada con excedentes del día. El contenido puede variar según disponibilidad.,mixed,1150,460,6,5,8,10,19:00,21:00,,gluten|milk|nuts,https://images.unsplash.com/photo-1565299624946-b28f40a0ae38?auto=format&fit=crop&w=1000&q=80,available,false,625,1800
PACK-0067,EST-014,Pack de pan artesano,Una selección sorpresa preparada con excedentes del día. El contenido puede variar según disponibilidad.,bakery,1275,574,7,6,9,11,18:30,20:00,,gluten|milk|egg,https://images.unsplash.com/photo-1509440159596-0249088772ff?auto=format&fit=crop&w=1000&q=80,available,false,750,1980
PACK-0068,EST-014,Platos listos para disfrutar,Una selección sorpresa preparada con excedentes del día. El contenido puede variar según disponibilidad.,prepared_food,1400,700,8,7,10,12,19:00,21:00,,gluten|soy,https://images.unsplash.com/photo-1542838132-92c53300491e?auto=format&fit=crop&w=1000&q=80,available,false,875,2160
PACK-0069,EST-014,Caja verde de aprovechamiento,Una selección sorpresa preparada con excedentes del día. El contenido puede variar según disponibilidad.,produce,1525,534,9,0,11,13,18:30,20:00,vegan|vegetarian|gluten_free,,https://images.unsplash.com/photo-1547592180-85f173990554?auto=format&fit=crop&w=1000&q=80,sold_out,false,1000,2340
PACK-0070,EST-014,Desayuno completo,Una selección sorpresa preparada con excedentes del día. El contenido puede variar según disponibilidad.,breakfast,1650,660,10,9,-33,-31,19:00,21:00,,gluten|milk,https://images.unsplash.com/photo-1495474472287-4d71bcdd2085?auto=format&fit=crop&w=1000&q=80,expired,false,1125,2520
PACK-0071,EST-015,Sabores veganos del día,Una selección sorpresa preparada con excedentes del día. El contenido puede variar según disponibilidad.,vegan,1775,799,4,3,-1,1,19:00,21:00,vegan|vegetarian,nuts|soy,https://images.unsplash.com/photo-1540420773420-3366772f4999?auto=format&fit=crop&w=1000&q=80,available,true,1250,900
PACK-0072,EST-015,Lote ahorro del día,Una selección sorpresa preparada con excedentes del día. El contenido puede variar según disponibilidad.,mixed,1900,950,5,4,0,2,18:30,20:00,,gluten|milk|nuts,https://images.unsplash.com/photo-1565299624946-b28f40a0ae38?auto=format&fit=crop&w=1000&q=80,available,false,1375,1080
PACK-0073,EST-015,Pack de pan artesano,Una selección sorpresa preparada con excedentes del día. El contenido puede variar según disponibilidad.,bakery,900,315,6,5,1,3,19:00,21:00,,gluten|milk|egg,https://images.unsplash.com/photo-1509440159596-0249088772ff?auto=format&fit=crop&w=1000&q=80,available,false,500,1260
PACK-0074,EST-015,Platos listos para disfrutar,Una selección sorpresa preparada con excedentes del día. El contenido puede variar según disponibilidad.,prepared_food,1025,410,7,6,-37,-35,18:30,20:00,,gluten|soy,https://images.unsplash.com/photo-1542838132-92c53300491e?auto=format&fit=crop&w=1000&q=80,expired,false,625,1440
PACK-0075,EST-015,Caja verde de aprovechamiento,Una selección sorpresa preparada con excedentes del día. El contenido puede variar según disponibilidad.,produce,1150,518,8,7,-38,-36,19:00,21:00,vegan|vegetarian|gluten_free,,https://images.unsplash.com/photo-1547592180-85f173990554?auto=format&fit=crop&w=1000&q=80,expired,false,750,1620
PACK-0076,EST-016,Desayuno completo,Una selección sorpresa preparada con excedentes del día. El contenido puede variar según disponibilidad.,breakfast,1275,638,9,8,4,6,19:00,21:00,,gluten|milk,https://images.unsplash.com/photo-1495474472287-4d71bcdd2085?auto=format&fit=crop&w=1000&q=80,available,false,875,1800
PACK-0077,EST-016,Sabores veganos del día,Una selección sorpresa preparada con excedentes del día. El contenido puede variar según disponibilidad.,vegan,1400,490,10,9,5,7,18:30,20:00,vegan|vegetarian,nuts|soy,https://images.unsplash.com/photo-1540420773420-3366772f4999?auto=format&fit=crop&w=1000&q=80,available,false,1000,1980
PACK-0078,EST-016,Lote ahorro del día,Una selección sorpresa preparada con excedentes del día. El contenido puede variar según disponibilidad.,mixed,1525,610,4,3,6,8,19:00,21:00,,gluten|milk|nuts,https://images.unsplash.com/photo-1565299624946-b28f40a0ae38?auto=format&fit=crop&w=1000&q=80,available,true,1125,2160
PACK-0079,EST-016,Pack de pan artesano,Una selección sorpresa preparada con excedentes del día. El contenido puede variar según disponibilidad.,bakery,1650,742,5,4,-42,-40,18:30,20:00,,gluten|milk|egg,https://images.unsplash.com/photo-1509440159596-0249088772ff?auto=format&fit=crop&w=1000&q=80,expired,false,1250,2340
PACK-0080,EST-016,Platos listos para disfrutar,Una selección sorpresa preparada con excedentes del día. El contenido puede variar según disponibilidad.,prepared_food,1775,888,6,5,-43,-41,19:00,21:00,,gluten|soy,https://images.unsplash.com/photo-1542838132-92c53300491e?auto=format&fit=crop&w=1000&q=80,expired,false,1375,2520
PACK-0081,EST-017,Caja verde de aprovechamiento,Una selección sorpresa preparada con excedentes del día. El contenido puede variar según disponibilidad.,produce,1900,665,7,6,9,11,19:00,21:00,vegan|vegetarian|gluten_free,,https://images.unsplash.com/photo-1547592180-85f173990554?auto=format&fit=crop&w=1000&q=80,available,false,500,900
PACK-0082,EST-017,Desayuno completo,Una selección sorpresa preparada con excedentes del día. El contenido puede variar según disponibilidad.,breakfast,900,360,8,7,10,12,18:30,20:00,,gluten|milk,https://images.unsplash.com/photo-1495474472287-4d71bcdd2085?auto=format&fit=crop&w=1000&q=80,available,false,625,1080
PACK-0083,EST-017,Sabores veganos del día,Una selección sorpresa preparada con excedentes del día. El contenido puede variar según disponibilidad.,vegan,1025,461,9,0,11,13,19:00,21:00,vegan|vegetarian,nuts|soy,https://images.unsplash.com/photo-1540420773420-3366772f4999?auto=format&fit=crop&w=1000&q=80,sold_out,false,750,1260
PACK-0084,EST-017,Lote ahorro del día,Una selección sorpresa preparada con excedentes del día. El contenido puede variar según disponibilidad.,mixed,1150,575,10,9,-7,-5,18:30,20:00,,gluten|milk|nuts,https://images.unsplash.com/photo-1565299624946-b28f40a0ae38?auto=format&fit=crop&w=1000&q=80,expired,false,875,1440
PACK-0085,EST-017,Pack de pan artesano,Una selección sorpresa preparada con excedentes del día. El contenido puede variar según disponibilidad.,bakery,1275,446,4,3,-8,-6,19:00,21:00,,gluten|milk|egg,https://images.unsplash.com/photo-1509440159596-0249088772ff?auto=format&fit=crop&w=1000&q=80,expired,false,1000,1620
PACK-0086,EST-018,Platos listos para disfrutar,Una selección sorpresa preparada con excedentes del día. El contenido puede variar según disponibilidad.,prepared_food,1400,560,5,4,0,2,19:00,21:00,,gluten|soy,https://images.unsplash.com/photo-1542838132-92c53300491e?auto=format&fit=crop&w=1000&q=80,available,false,1125,1800
PACK-0087,EST-018,Caja verde de aprovechamiento,Una selección sorpresa preparada con excedentes del día. El contenido puede variar según disponibilidad.,produce,1525,686,6,5,1,3,18:30,20:00,vegan|vegetarian|gluten_free,,https://images.unsplash.com/photo-1547592180-85f173990554?auto=format&fit=crop&w=1000&q=80,available,false,1250,1980
PACK-0088,EST-018,Desayuno completo,Una selección sorpresa preparada con excedentes del día. El contenido puede variar según disponibilidad.,breakfast,1650,825,7,0,2,4,19:00,21:00,,gluten|milk,https://images.unsplash.com/photo-1495474472287-4d71bcdd2085?auto=format&fit=crop&w=1000&q=80,sold_out,false,1375,2160
PACK-0089,EST-018,Sabores veganos del día,Una selección sorpresa preparada con excedentes del día. El contenido puede variar según disponibilidad.,vegan,1775,621,8,7,-12,-10,18:30,20:00,vegan|vegetarian,nuts|soy,https://images.unsplash.com/photo-1540420773420-3366772f4999?auto=format&fit=crop&w=1000&q=80,expired,false,500,2340
PACK-0090,EST-018,Lote ahorro del día,Una selección sorpresa preparada con excedentes del día. El contenido puede variar según disponibilidad.,mixed,1900,760,9,8,-13,-11,19:00,21:00,,gluten|milk|nuts,https://images.unsplash.com/photo-1565299624946-b28f40a0ae38?auto=format&fit=crop&w=1000&q=80,expired,false,625,2520
PACK-0091,EST-019,Pack de pan artesano,Una selección sorpresa preparada con excedentes del día. El contenido puede variar según disponibilidad.,bakery,900,405,10,9,5,7,19:00,21:00,,gluten|milk|egg,https://images.unsplash.com/photo-1509440159596-0249088772ff?auto=format&fit=crop&w=1000&q=80,available,false,750,900
PACK-0092,EST-019,Platos listos para disfrutar,Una selección sorpresa preparada con excedentes del día. El contenido puede variar según disponibilidad.,prepared_food,1025,513,4,3,6,8,18:30,20:00,,gluten|soy,https://images.unsplash.com/photo-1542838132-92c53300491e?auto=format&fit=crop&w=1000&q=80,available,true,875,1080
PACK-0093,EST-019,Caja verde de aprovechamiento,Una selección sorpresa preparada con excedentes del día. El contenido puede variar según disponibilidad.,produce,1150,403,5,0,7,9,19:00,21:00,vegan|vegetarian|gluten_free,,https://images.unsplash.com/photo-1547592180-85f173990554?auto=format&fit=crop&w=1000&q=80,sold_out,false,1000,1260
PACK-0094,EST-019,Desayuno completo,Una selección sorpresa preparada con excedentes del día. El contenido puede variar según disponibilidad.,breakfast,1275,510,6,5,-17,-15,18:30,20:00,,gluten|milk,https://images.unsplash.com/photo-1495474472287-4d71bcdd2085?auto=format&fit=crop&w=1000&q=80,expired,false,1125,1440
PACK-0095,EST-019,Sabores veganos del día,Una selección sorpresa preparada con excedentes del día. El contenido puede variar según disponibilidad.,vegan,1400,630,7,6,-18,-16,19:00,21:00,vegan|vegetarian,nuts|soy,https://images.unsplash.com/photo-1540420773420-3366772f4999?auto=format&fit=crop&w=1000&q=80,expired,false,1250,1620
PACK-0096,EST-020,Lote ahorro del día,Una selección sorpresa preparada con excedentes del día. El contenido puede variar según disponibilidad.,mixed,1525,763,8,7,10,12,19:00,21:00,,gluten|milk|nuts,https://images.unsplash.com/photo-1565299624946-b28f40a0ae38?auto=format&fit=crop&w=1000&q=80,available,false,1375,1800
PACK-0097,EST-020,Pack de pan artesano,Una selección sorpresa preparada con excedentes del día. El contenido puede variar según disponibilidad.,bakery,1650,578,9,8,11,13,18:30,20:00,,gluten|milk|egg,https://images.unsplash.com/photo-1509440159596-0249088772ff?auto=format&fit=crop&w=1000&q=80,available,false,500,1980
PACK-0098,EST-020,Platos listos para disfrutar,Una selección sorpresa preparada con excedentes del día. El contenido puede variar según disponibilidad.,prepared_food,1775,710,10,0,12,14,19:00,21:00,,gluten|soy,https://images.unsplash.com/photo-1542838132-92c53300491e?auto=format&fit=crop&w=1000&q=80,sold_out,false,625,2160
PACK-0099,EST-020,Caja verde de aprovechamiento,Una selección sorpresa preparada con excedentes del día. El contenido puede variar según disponibilidad.,produce,1900,855,4,3,-22,-20,18:30,20:00,vegan|vegetarian|gluten_free,,https://images.unsplash.com/photo-1547592180-85f173990554?auto=format&fit=crop&w=1000&q=80,expired,false,750,2340
PACK-0100,EST-020,Desayuno completo,Una selección sorpresa preparada con excedentes del día. El contenido puede variar según disponibilidad.,breakfast,900,450,5,4,-23,-21,19:00,21:00,,gluten|milk,https://images.unsplash.com/photo-1495474472287-4d71bcdd2085?auto=format&fit=crop&w=1000&q=80,expired,false,875,2520
PACK-0101,EST-021,Sabores veganos del día,Una selección sorpresa preparada con excedentes del día. El contenido puede variar según disponibilidad.,vegan,1025,359,6,5,1,3,19:00,21:00,vegan|vegetarian,nuts|soy,https://images.unsplash.com/photo-1540420773420-3366772f4999?auto=format&fit=crop&w=1000&q=80,available,false,1000,900
PACK-0102,EST-021,Lote ahorro del día,Una selección sorpresa preparada con excedentes del día. El contenido puede variar según disponibilidad.,mixed,1150,460,7,6,2,4,18:30,20:00,,gluten|milk|nuts,https://images.unsplash.com/photo-1565299624946-b28f40a0ae38?auto=format&fit=crop&w=1000&q=80,available,false,1125,1080
PACK-0103,EST-021,Pack de pan artesano,Una selección sorpresa preparada con excedentes del día. El contenido puede variar según disponibilidad.,bakery,1275,574,8,0,3,5,19:00,21:00,,gluten|milk|egg,https://images.unsplash.com/photo-1509440159596-0249088772ff?auto=format&fit=crop&w=1000&q=80,sold_out,false,1250,1260
PACK-0104,EST-021,Platos listos para disfrutar,Una selección sorpresa preparada con excedentes del día. El contenido puede variar según disponibilidad.,prepared_food,1400,700,9,8,-27,-25,18:30,20:00,,gluten|soy,https://images.unsplash.com/photo-1542838132-92c53300491e?auto=format&fit=crop&w=1000&q=80,expired,false,1375,1440
PACK-0105,EST-021,Caja verde de aprovechamiento,Una selección sorpresa preparada con excedentes del día. El contenido puede variar según disponibilidad.,produce,1525,534,10,9,-28,-26,19:00,21:00,vegan|vegetarian|gluten_free,,https://images.unsplash.com/photo-1547592180-85f173990554?auto=format&fit=crop&w=1000&q=80,expired,false,500,1620
PACK-0106,EST-022,Desayuno completo,Una selección sorpresa preparada con excedentes del día. El contenido puede variar según disponibilidad.,breakfast,1650,660,4,3,6,8,19:00,21:00,,gluten|milk,https://images.unsplash.com/photo-1495474472287-4d71bcdd2085?auto=format&fit=crop&w=1000&q=80,available,true,625,1800
PACK-0107,EST-022,Sabores veganos del día,Una selección sorpresa preparada con excedentes del día. El contenido puede variar según disponibilidad.,vegan,1775,799,5,4,7,9,18:30,20:00,vegan|vegetarian,nuts|soy,https://images.unsplash.com/photo-1540420773420-3366772f4999?auto=format&fit=crop&w=1000&q=80,available,false,750,1980
PACK-0108,EST-022,Lote ahorro del día,Una selección sorpresa preparada con excedentes del día. El contenido puede variar según disponibilidad.,mixed,1900,950,6,0,8,10,19:00,21:00,,gluten|milk|nuts,https://images.unsplash.com/photo-1565299624946-b28f40a0ae38?auto=format&fit=crop&w=1000&q=80,sold_out,false,875,2160
PACK-0109,EST-022,Pack de pan artesano,Una selección sorpresa preparada con excedentes del día. El contenido puede variar según disponibilidad.,bakery,900,315,7,6,-32,-30,18:30,20:00,,gluten|milk|egg,https://images.unsplash.com/photo-1509440159596-0249088772ff?auto=format&fit=crop&w=1000&q=80,expired,false,1000,2340
PACK-0110,EST-022,Platos listos para disfrutar,Una selección sorpresa preparada con excedentes del día. El contenido puede variar según disponibilidad.,prepared_food,1025,410,8,7,-33,-31,19:00,21:00,,gluten|soy,https://images.unsplash.com/photo-1542838132-92c53300491e?auto=format&fit=crop&w=1000&q=80,expired,false,1125,2520
PACK-0111,EST-023,Caja verde de aprovechamiento,Una selección sorpresa preparada con excedentes del día. El contenido puede variar según disponibilidad.,produce,1150,518,9,8,11,13,19:00,21:00,vegan|vegetarian|gluten_free,,https://images.unsplash.com/photo-1547592180-85f173990554?auto=format&fit=crop&w=1000&q=80,available,false,1250,900
PACK-0112,EST-023,Desayuno completo,Una selección sorpresa preparada con excedentes del día. El contenido puede variar según disponibilidad.,breakfast,1275,638,10,9,12,14,18:30,20:00,,gluten|milk,https://images.unsplash.com/photo-1495474472287-4d71bcdd2085?auto=format&fit=crop&w=1000&q=80,available,false,1375,1080
PACK-0113,EST-023,Sabores veganos del día,Una selección sorpresa preparada con excedentes del día. El contenido puede variar según disponibilidad.,vegan,1400,490,4,0,-1,1,19:00,21:00,vegan|vegetarian,nuts|soy,https://images.unsplash.com/photo-1540420773420-3366772f4999?auto=format&fit=crop&w=1000&q=80,sold_out,false,500,1260
PACK-0114,EST-023,Lote ahorro del día,Una selección sorpresa preparada con excedentes del día. El contenido puede variar según disponibilidad.,mixed,1525,610,5,4,-37,-35,18:30,20:00,,gluten|milk|nuts,https://images.unsplash.com/photo-1565299624946-b28f40a0ae38?auto=format&fit=crop&w=1000&q=80,expired,false,625,1440
PACK-0115,EST-023,Pack de pan artesano,Una selección sorpresa preparada con excedentes del día. El contenido puede variar según disponibilidad.,bakery,1650,742,6,5,-38,-36,19:00,21:00,,gluten|milk|egg,https://images.unsplash.com/photo-1509440159596-0249088772ff?auto=format&fit=crop&w=1000&q=80,expired,false,750,1620
PACK-0116,EST-024,Platos listos para disfrutar,Una selección sorpresa preparada con excedentes del día. El contenido puede variar según disponibilidad.,prepared_food,1775,888,7,6,2,4,19:00,21:00,,gluten|soy,https://images.unsplash.com/photo-1542838132-92c53300491e?auto=format&fit=crop&w=1000&q=80,available,false,875,1800
PACK-0117,EST-024,Caja verde de aprovechamiento,Una selección sorpresa preparada con excedentes del día. El contenido puede variar según disponibilidad.,produce,1900,665,8,7,3,5,18:30,20:00,vegan|vegetarian|gluten_free,,https://images.unsplash.com/photo-1547592180-85f173990554?auto=format&fit=crop&w=1000&q=80,available,false,1000,1980
PACK-0118,EST-024,Desayuno completo,Una selección sorpresa preparada con excedentes del día. El contenido puede variar según disponibilidad.,breakfast,900,360,9,0,4,6,19:00,21:00,,gluten|milk,https://images.unsplash.com/photo-1495474472287-4d71bcdd2085?auto=format&fit=crop&w=1000&q=80,sold_out,false,1125,2160
PACK-0119,EST-024,Sabores veganos del día,Una selección sorpresa preparada con excedentes del día. El contenido puede variar según disponibilidad.,vegan,1025,461,10,9,-42,-40,18:30,20:00,vegan|vegetarian,nuts|soy,https://images.unsplash.com/photo-1540420773420-3366772f4999?auto=format&fit=crop&w=1000&q=80,expired,false,1250,2340
PACK-0120,EST-024,Lote ahorro del día,Una selección sorpresa preparada con excedentes del día. El contenido puede variar según disponibilidad.,mixed,1150,575,4,3,-43,-41,19:00,21:00,,gluten|milk|nuts,https://images.unsplash.com/photo-1565299624946-b28f40a0ae38?auto=format&fit=crop&w=1000&q=80,expired,false,1375,2520
